https://via.placeholder.com/300',Title:,Value,This is additional text for this card
https://via.placeholder.com/300',Title:,Value,This is additional text for this card
https://via.placeholder.com/300',Title:,Value,This is additional text for this card
https://via.placeholder.com/300',Title:,Value,This is additional text for this card
https://via.placeholder.com/300',Title:,Value,This is additional text for this card
https://via.placeholder.com/300',Title:,Value,This is additional text for this card
https://via.placeholder.com/300',Title:,Value,This is additional text for this card
https://via.placeholder.com/300',Title:,Value,This is additional text for this card
https://via.placeholder.com/300',Title:,Value,This is additional text for this card
https://via.placeholder.com/300',Title:,Value,This is additional text for this card
https://via.placeholder.com/300',Title:,Value,This is additional text for this card
https://via.placeholder.com/300',Title:,Value,This is additional text for this card
https://via.placeholder.com/300',Title:,Value,This is additional text for this card
https://via.placeholder.com/300',Title:,Value,This is additional text for this card
https://via.placeholder.com/300',Title:,Value,This is additional text for this card
https://via.placeholder.com/300',Title:,Value,This is additional text for this card
https://via.placeholder.com/300',Title:,Value,This is additional text for this card
https://via.placeholder.com/300',Title:,Value,This is additional text for this card
https://via.placeholder.com/300',Title:,Value,This is additional text for this card
https://via.placeholder.com/300',Title:,Value,This is additional text for this card
https://via.placeholder.com/300',Title:,Value,This is additional text for this card
https://via.placeholder.com/300',Title:,Value,This is additional text for this card
https://via.placeholder.com/300',Title:,Value,This is additional text for this card
https://via.placeholder.com/300',Title:,Value,This is additional text for this card
https://via.placeholder.com/300',Title:,Value,This is additional text for this card
https://via.placeholder.com/300',Title:,Value,This is additional text for this card
https://via.placeholder.com/300',Title:,Value,This is additional text for this card
https://via.placeholder.com/300',Title:,Value,This is additional text for this card
https://via.placeholder.com/300',Title:,Value,This is additional text for this card
https://via.placeholder.com/300',Title:,Value,This is additional text for this card
https://via.placeholder.com/300',Title:,Value,This is additional text for this card
https://via.placeholder.com/300',Title:,Value,This is additional text for this card
https://via.placeholder.com/300',Title:,Value,This is additional text for this card
https://via.placeholder.com/300',Title:,Value,This is additional text for this card
https://via.placeholder.com/300',Title:,Value,This is additional text for this card
https://via.placeholder.com/300',Title:,Value,This is additional text for this card
https://via.placeholder.com/300',Title:,Value,This is additional text for this card
https://via.placeholder.com/300',Title:,Value,This is additional text for this card
https://via.placeholder.com/300',Title:,Value,This is additional text for this card
https://via.placeholder.com/300',Title:,Value,This is additional text for this card
https://via.placeholder.com/300',Title:,Value,This is additional text for this card
https://via.placeholder.com/300',Title:,Value,This is additional text for this card
https://via.placeholder.com/300',Title:,Value,This is additional text for this card
https://via.placeholder.com/300',Title:,Value,This is additional text for this card
https://via.placeholder.com/300',Title:,Value,This is additional text for this card
https://via.placeholder.com/300',Title:,Value,This is additional text for this card
https://via.placeholder.com/300',Title:,Value,This is additional text for this card
https://via.placeholder.com/300',Title:,Value,This is additional text for this card
https://via.placeholder.com/300',Title:,Value,This is additional text for this card
https://via.placeholder.com/300',Title:,Value,This is additional text for this card
https://via.placeholder.com/300',Title:,Value,This is additional text for this card
https://via.placeholder.com/300',Title:,Value,This is additional text for this card
https://via.placeholder.com/300',Title:,Value,This is additional text for this card
https://via.placeholder.com/300',Title:,Value,This is additional text for this card
https://via.placeholder.com/300',Title:,Value,This is additional text for this card
https://via.placeholder.com/300',Title:,Value,This is additional text for this card
https://via.placeholder.com/300',Title:,Value,This is additional text for this card
https://via.placeholder.com/300',Title:,Value,This is additional text for this card
https://via.placeholder.com/300',Title:,Value,This is additional text for this card
https://via.placeholder.com/300',Title:,Value,This is additional text for this card
https://via.placeholder.com/300',Title:,Value,This is additional text for this card
https://via.placeholder.com/300',Title:,Value,This is additional text for this card
https://via.placeholder.com/300',Title:,Value,This is additional text for this card
https://via.placeholder.com/300',Title:,Value,This is additional text for this card
https://via.placeholder.com/300',Title:,Value,This is additional text for this card
https://via.placeholder.com/300',Title:,Value,This is additional text for this card